Tipo,Valor,Unidad
CPU,11.2,%
Memoria,50.4,%
Disco,52.7,%
Red,53409.723958969116,KB/s
CPU,1.2,%
Memoria,50.2,%
Disco,52.7,%
Red,53409.83381938934,KB/s
CPU,5.5,%
Memoria,50.3,%
Disco,52.7,%
Red,53409.93225002289,KB/s
CPU,29.0,%
Memoria,50.5,%
Disco,52.7,%
Red,53410.13353538513,KB/s
CPU,34.0,%
Memoria,50.5,%
Disco,52.7,%
Red,53414.24074935913,KB/s
CPU,26.4,%
Memoria,51.3,%
Disco,52.7,%
Red,53425.270668029785,KB/s
CPU,27.4,%
Memoria,51.1,%
Disco,52.7,%
Red,53426.326515197754,KB/s
CPU,51.6,%
Memoria,51.2,%
Disco,52.7,%
Red,53427.38544845581,KB/s
CPU,36.4,%
Memoria,51.6,%
Disco,52.7,%
Red,53428.60216617584,KB/s
CPU,30.6,%
Memoria,51.4,%
Disco,52.7,%
Red,53434.97486305237,KB/s
CPU,43.8,%
Memoria,51.8,%
Disco,52.7,%
Red,53435.72767162323,KB/s
CPU,32.4,%
Memoria,51.9,%
Disco,52.7,%
Red,53437.38405132294,KB/s
CPU,28.6,%
Memoria,51.8,%
Disco,52.7,%
Red,53439.87400341034,KB/s
CPU,19.7,%
Memoria,51.6,%
Disco,52.7,%
Red,53442.470556259155,KB/s
CPU,27.2,%
Memoria,51.6,%
Disco,52.7,%
Red,53444.91522502899,KB/s
CPU,19.1,%
Memoria,51.7,%
Disco,52.7,%
Red,53447.27261734009,KB/s
CPU,21.4,%
Memoria,51.6,%
Disco,52.7,%
Red,53449.49546813965,KB/s
CPU,19.2,%
Memoria,51.6,%
Disco,52.7,%
Red,53450.826972961426,KB/s
CPU,35.5,%
Memoria,51.8,%
Disco,52.7,%
Red,53452.574869155884,KB/s
CPU,40.5,%
Memoria,51.8,%
Disco,52.7,%
Red,53453.47771072388,KB/s
CPU,44.5,%
Memoria,51.8,%
Disco,52.7,%
Red,53454.18538188934,KB/s
CPU,37.0,%
Memoria,51.6,%
Disco,52.7,%
Red,53455.22134208679,KB/s
CPU,21.9,%
Memoria,51.4,%
Disco,52.7,%
Red,53455.68163871765,KB/s
CPU,22.6,%
Memoria,51.4,%
Disco,52.7,%
Red,53456.62838745117,KB/s
CPU,54.0,%
Memoria,51.6,%
Disco,52.7,%
Red,53457.25379371643,KB/s
CPU,56.4,%
Memoria,51.6,%
Disco,52.7,%
Red,53459.24208068848,KB/s
CPU,37.3,%
Memoria,51.7,%
Disco,52.7,%
Red,53460.88984107971,KB/s
CPU,53.7,%
Memoria,52.3,%
Disco,52.7,%
Red,53461.94830703735,KB/s
CPU,38.1,%
Memoria,52.6,%
Disco,52.7,%
Red,53462.461013793945,KB/s
CPU,30.5,%
Memoria,52.4,%
Disco,52.7,%
Red,53463.2269411087,KB/s
CPU,17.4,%
Memoria,52.2,%
Disco,52.7,%
Red,53463.87770366669,KB/s
CPU,36.0,%
Memoria,52.3,%
Disco,52.7,%
Red,53464.596665382385,KB/s
CPU,18.4,%
Memoria,52.3,%
Disco,52.7,%
Red,53465.24130153656,KB/s
CPU,33.5,%
Memoria,52.4,%
Disco,52.7,%
Red,53466.10154247284,KB/s
CPU,18.6,%
Memoria,52.4,%
Disco,52.7,%
Red,53466.82412433624,KB/s
CPU,15.2,%
Memoria,52.3,%
Disco,52.7,%
Red,53467.138434410095,KB/s
CPU,35.9,%
Memoria,52.1,%
Disco,52.7,%
Red,53468.19544029236,KB/s
CPU,31.0,%
Memoria,52.4,%
Disco,52.7,%
Red,53468.99263095856,KB/s
CPU,39.7,%
Memoria,52.6,%
Disco,52.7,%
Red,53471.22015094757,KB/s
CPU,27.5,%
Memoria,52.4,%
Disco,52.7,%
Red,53473.003947257996,KB/s
CPU,29.5,%
Memoria,52.4,%
Disco,52.7,%
Red,53475.781823158264,KB/s
CPU,33.6,%
Memoria,52.3,%
Disco,52.7,%
Red,53477.5847492218,KB/s
CPU,27.3,%
Memoria,52.4,%
Disco,52.7,%
Red,53477.897376060486,KB/s
CPU,27.8,%
Memoria,52.4,%
Disco,52.7,%
Red,53478.822856903076,KB/s
CPU,30.5,%
Memoria,52.5,%
Disco,52.7,%
Red,53480.63408470154,KB/s
CPU,40.9,%
Memoria,52.3,%
Disco,52.7,%
Red,53482.3826341629,KB/s
CPU,41.4,%
Memoria,52.4,%
Disco,52.7,%
Red,53482.99945926666,KB/s
CPU,46.9,%
Memoria,52.5,%
Disco,52.7,%
Red,53483.65229225159,KB/s
CPU,21.7,%
Memoria,52.3,%
Disco,52.7,%
Red,53484.355558395386,KB/s
CPU,43.6,%
Memoria,52.7,%
Disco,52.7,%
Red,53484.77312374115,KB/s
CPU,42.1,%
Memoria,52.9,%
Disco,52.7,%
Red,53485.91812515259,KB/s
CPU,31.3,%
Memoria,52.8,%
Disco,52.7,%
Red,53486.687191963196,KB/s
CPU,29.8,%
Memoria,52.8,%
Disco,52.7,%
Red,53487.26804065704,KB/s
CPU,34.6,%
Memoria,52.7,%
Disco,52.7,%
Red,53487.98725986481,KB/s
CPU,25.7,%
Memoria,52.7,%
Disco,52.7,%
Red,53488.33140659332,KB/s
CPU,25.6,%
Memoria,52.7,%
Disco,52.7,%
Red,53488.915625572205,KB/s
CPU,34.2,%
Memoria,52.8,%
Disco,52.7,%
Red,53490.033920288086,KB/s
CPU,36.4,%
Memoria,53.1,%
Disco,52.7,%
Red,53491.14834403992,KB/s
CPU,24.5,%
Memoria,53.2,%
Disco,52.7,%
Red,53492.24416923523,KB/s
CPU,36.7,%
Memoria,53.2,%
Disco,52.7,%
Red,53493.316440582275,KB/s
CPU,34.6,%
Memoria,53.0,%
Disco,52.7,%
Red,53494.41900062561,KB/s
CPU,24.7,%
Memoria,52.9,%
Disco,52.7,%
Red,53495.54292869568,KB/s
CPU,17.6,%
Memoria,52.8,%
Disco,52.7,%
Red,53496.66851043701,KB/s
CPU,13.6,%
Memoria,52.7,%
Disco,52.7,%
Red,53497.73175430298,KB/s
CPU,21.8,%
Memoria,52.6,%
Disco,52.7,%
Red,53498.82615852356,KB/s
CPU,21.8,%
Memoria,52.7,%
Disco,52.7,%
Red,53499.97476387024,KB/s
CPU,29.0,%
Memoria,52.8,%
Disco,52.7,%
Red,53501.057512283325,KB/s
CPU,31.7,%
Memoria,52.6,%
Disco,52.7,%
Red,53502.14247131348,KB/s
CPU,26.5,%
Memoria,52.7,%
Disco,52.7,%
Red,53503.24083709717,KB/s
CPU,13.5,%
Memoria,52.0,%
Disco,52.7,%
Red,53504.30330467224,KB/s
CPU,22.1,%
Memoria,51.4,%
Disco,52.7,%
Red,53505.41753101349,KB/s
CPU,20.6,%
Memoria,51.4,%
Disco,52.7,%
Red,53506.50116920471,KB/s
CPU,19.8,%
Memoria,51.7,%
Disco,52.7,%
Red,53507.12306690216,KB/s
CPU,19.9,%
Memoria,51.7,%
Disco,52.7,%
Red,53507.623759269714,KB/s
CPU,28.4,%
Memoria,51.9,%
Disco,52.7,%
Red,53508.25101184845,KB/s
CPU,18.3,%
Memoria,51.8,%
Disco,52.7,%
Red,53508.90808391571,KB/s
CPU,30.2,%
Memoria,51.7,%
Disco,52.7,%
Red,53509.55274581909,KB/s
CPU,18.2,%
Memoria,51.7,%
Disco,52.7,%
Red,53510.21317768097,KB/s
CPU,16.7,%
Memoria,51.7,%
Disco,52.7,%
Red,53510.89230823517,KB/s
CPU,10.1,%
Memoria,51.7,%
Disco,52.7,%
Red,53511.52374172211,KB/s
CPU,9.4,%
Memoria,51.6,%
Disco,52.7,%
Red,53512.163575172424,KB/s
CPU,32.2,%
Memoria,51.5,%
Disco,52.7,%
Red,53512.81942272186,KB/s
CPU,16.3,%
Memoria,51.5,%
Disco,52.7,%
Red,53513.45505619049,KB/s
CPU,30.4,%
Memoria,51.5,%
Disco,52.7,%
Red,53514.16428852081,KB/s
CPU,15.9,%
Memoria,51.6,%
Disco,52.7,%
Red,53514.880692481995,KB/s
CPU,23.3,%
Memoria,51.4,%
Disco,52.7,%
Red,53515.516432762146,KB/s
CPU,26.0,%
Memoria,51.4,%
Disco,52.7,%
Red,53516.17461490631,KB/s
CPU,31.2,%
Memoria,51.3,%
Disco,52.7,%
Red,53516.84420681,KB/s
CPU,28.1,%
Memoria,51.6,%
Disco,52.7,%
Red,53517.46534156799,KB/s
CPU,24.2,%
Memoria,51.8,%
Disco,52.7,%
Red,53518.119550704956,KB/s
CPU,33.3,%
Memoria,51.7,%
Disco,52.7,%
Red,53519.86923980713,KB/s
CPU,35.0,%
Memoria,51.8,%
Disco,52.7,%
Red,53520.68099689484,KB/s
CPU,17.9,%
Memoria,51.6,%
Disco,52.7,%
Red,53521.18115520477,KB/s
CPU,75.8,%
Memoria,52.5,%
Disco,52.7,%
Red,53522.38788986206,KB/s
CPU,28.8,%
Memoria,52.2,%
Disco,52.7,%
Red,53523.242409706116,KB/s
CPU,29.2,%
Memoria,52.2,%
Disco,52.7,%
Red,53524.46935081482,KB/s
CPU,51.7,%
Memoria,52.5,%
Disco,52.7,%
Red,53525.42293548584,KB/s
CPU,63.1,%
Memoria,52.3,%
Disco,52.7,%
Red,53526.2433719635,KB/s
CPU,33.9,%
Memoria,52.5,%
Disco,52.7,%
Red,53526.7301235199,KB/s
CPU,53.8,%
Memoria,53.0,%
Disco,52.7,%
Red,53528.42877864838,KB/s
CPU,34.6,%
Memoria,52.9,%
Disco,52.7,%
Red,53530.03991127014,KB/s
CPU,41.0,%
Memoria,53.0,%
Disco,52.7,%
Red,53530.752868652344,KB/s
CPU,33.1,%
Memoria,53.8,%
Disco,52.7,%
Red,53531.81251621246,KB/s
CPU,38.9,%
Memoria,53.3,%
Disco,52.7,%
Red,53533.074659347534,KB/s
CPU,28.8,%
Memoria,52.8,%
Disco,52.7,%
Red,53533.50813770294,KB/s
CPU,32.6,%
Memoria,52.6,%
Disco,52.7,%
Red,53534.38923740387,KB/s
CPU,41.2,%
Memoria,53.2,%
Disco,52.7,%
Red,53535.39629936218,KB/s
CPU,43.2,%
Memoria,53.0,%
Disco,52.7,%
Red,53536.082365989685,KB/s
CPU,53.1,%
Memoria,53.3,%
Disco,52.7,%
Red,53538.51472568512,KB/s
CPU,42.5,%
Memoria,52.8,%
Disco,52.7,%
Red,53539.99144077301,KB/s
CPU,50.0,%
Memoria,52.7,%
Disco,52.7,%
Red,53540.68215084076,KB/s
CPU,55.2,%
Memoria,53.0,%
Disco,52.7,%
Red,53541.61539745331,KB/s
CPU,37.1,%
Memoria,53.1,%
Disco,52.7,%
Red,53542.96238231659,KB/s
CPU,43.0,%
Memoria,53.6,%
Disco,52.7,%
Red,53544.43155193329,KB/s
CPU,52.8,%
Memoria,53.0,%
Disco,52.7,%
Red,53545.876717567444,KB/s
CPU,61.2,%
Memoria,53.4,%
Disco,52.7,%
Red,53547.00475406647,KB/s
CPU,48.5,%
Memoria,53.2,%
Disco,52.7,%
Red,53547.52817249298,KB/s
CPU,57.9,%
Memoria,54.1,%
Disco,52.7,%
Red,53548.27283477783,KB/s
CPU,23.8,%
Memoria,54.4,%
Disco,52.7,%
Red,53549.49132061005,KB/s
CPU,33.5,%
Memoria,54.0,%
Disco,52.7,%
Red,53550.855341911316,KB/s
CPU,34.0,%
Memoria,53.8,%
Disco,52.7,%
Red,53552.965995788574,KB/s
CPU,31.3,%
Memoria,53.6,%
Disco,52.7,%
Red,53553.846915245056,KB/s
CPU,40.7,%
Memoria,52.5,%
Disco,52.7,%
Red,53554.43513393402,KB/s
CPU,27.1,%
Memoria,52.5,%
Disco,52.7,%
Red,53555.935384750366,KB/s
CPU,26.5,%
Memoria,52.6,%
Disco,52.7,%
Red,53558.1793088913,KB/s
CPU,23.7,%
Memoria,52.6,%
Disco,52.7,%
Red,53559.88961696625,KB/s
CPU,52.5,%
Memoria,52.9,%
Disco,52.7,%
Red,53561.34332180023,KB/s
CPU,25.7,%
Memoria,52.8,%
Disco,52.7,%
Red,53561.75748825073,KB/s
CPU,31.0,%
Memoria,52.8,%
Disco,52.7,%
Red,53562.078473091125,KB/s
CPU,20.0,%
Memoria,52.7,%
Disco,52.7,%
Red,53562.584661483765,KB/s
CPU,16.4,%
Memoria,52.7,%
Disco,52.7,%
Red,53563.05547618866,KB/s
CPU,23.3,%
Memoria,52.5,%
Disco,52.7,%
Red,53563.498485565186,KB/s
CPU,16.0,%
Memoria,52.5,%
Disco,52.7,%
Red,53563.99512767792,KB/s
CPU,30.6,%
Memoria,52.4,%
Disco,52.7,%
Red,53564.40613555908,KB/s
CPU,23.7,%
Memoria,52.3,%
Disco,52.7,%
Red,53564.902300834656,KB/s
CPU,15.6,%
Memoria,52.1,%
Disco,52.7,%
Red,53565.30790615082,KB/s
CPU,12.4,%
Memoria,52.2,%
Disco,52.7,%
Red,53565.62249279022,KB/s
CPU,11.7,%
Memoria,52.1,%
Disco,52.7,%
Red,53565.95466041565,KB/s
CPU,29.5,%
Memoria,52.4,%
Disco,52.7,%
Red,53566.2848443985,KB/s
CPU,12.9,%
Memoria,52.3,%
Disco,52.7,%
Red,53566.59371852875,KB/s
CPU,24.3,%
Memoria,52.3,%
Disco,52.7,%
Red,53566.987528800964,KB/s
CPU,25.5,%
Memoria,52.2,%
Disco,52.7,%
Red,53567.313797950745,KB/s
CPU,9.7,%
Memoria,52.2,%
Disco,52.7,%
Red,53567.618980407715,KB/s
CPU,12.5,%
Memoria,52.2,%
Disco,52.7,%
Red,53567.96472263336,KB/s
CPU,15.2,%
Memoria,52.2,%
Disco,52.7,%
Red,53568.288659095764,KB/s
CPU,13.2,%
Memoria,52.2,%
Disco,52.7,%
Red,53568.600381851196,KB/s
CPU,16.3,%
Memoria,52.4,%
Disco,52.7,%
Red,53568.93447780609,KB/s
CPU,12.4,%
Memoria,52.2,%
Disco,52.7,%
Red,53569.239411354065,KB/s
CPU,34.0,%
Memoria,52.3,%
Disco,52.7,%
Red,53569.56569290161,KB/s
CPU,43.0,%
Memoria,52.3,%
Disco,52.7,%
Red,53570.147810935974,KB/s
CPU,39.1,%
Memoria,52.3,%
Disco,52.7,%
Red,53571.24615287781,KB/s
CPU,51.0,%
Memoria,52.6,%
Disco,52.7,%
Red,53571.84336185455,KB/s
CPU,44.2,%
Memoria,52.6,%
Disco,52.7,%
Red,53572.298268318176,KB/s
CPU,38.8,%
Memoria,52.6,%
Disco,52.7,%
Red,53572.99851989746,KB/s
CPU,27.5,%
Memoria,52.5,%
Disco,52.7,%
Red,53574.012115478516,KB/s
CPU,26.3,%
Memoria,52.5,%
Disco,52.7,%
Red,53575.279079437256,KB/s
CPU,60.9,%
Memoria,52.4,%
Disco,52.7,%
Red,53576.35478210449,KB/s
CPU,32.3,%
Memoria,52.6,%
Disco,52.7,%
Red,53577.51245689392,KB/s
CPU,34.6,%
Memoria,52.6,%
Disco,52.7,%
Red,53578.55328845978,KB/s
CPU,28.4,%
Memoria,52.6,%
Disco,52.7,%
Red,53579.13608837128,KB/s
CPU,44.6,%
Memoria,52.2,%
Disco,52.7,%
Red,53579.949239730835,KB/s
CPU,32.8,%
Memoria,52.3,%
Disco,52.7,%
Red,53580.23111534119,KB/s
CPU,24.1,%
Memoria,52.3,%
Disco,52.7,%
Red,53580.6625957489,KB/s
CPU,22.9,%
Memoria,52.3,%
Disco,52.7,%
Red,53582.017535209656,KB/s
CPU,14.5,%
Memoria,52.4,%
Disco,52.7,%
Red,53583.16378116608,KB/s
CPU,22.0,%
Memoria,52.9,%
Disco,52.7,%
Red,53584.20674991608,KB/s
CPU,26.5,%
Memoria,52.5,%
Disco,52.7,%
Red,53584.72260379791,KB/s
CPU,24.9,%
Memoria,52.5,%
Disco,52.7,%
Red,53585.18651294708,KB/s
CPU,26.8,%
Memoria,52.5,%
Disco,52.7,%
Red,53586.04584121704,KB/s
CPU,29.2,%
Memoria,52.5,%
Disco,52.7,%
Red,53586.62795639038,KB/s
CPU,39.5,%
Memoria,52.3,%
Disco,52.7,%
Red,53587.17763233185,KB/s
CPU,23.7,%
Memoria,52.4,%
Disco,52.7,%
Red,53587.79284763336,KB/s
CPU,38.8,%
Memoria,52.5,%
Disco,52.7,%
Red,53588.23334121704,KB/s
CPU,29.4,%
Memoria,52.5,%
Disco,52.7,%
Red,53588.853947639465,KB/s
CPU,24.5,%
Memoria,52.4,%
Disco,52.7,%
Red,53589.41480064392,KB/s
CPU,30.6,%
Memoria,52.7,%
Disco,52.7,%
Red,53590.5762052536,KB/s
CPU,19.8,%
Memoria,52.6,%
Disco,52.7,%
Red,53592.027134895325,KB/s
CPU,37.7,%
Memoria,52.3,%
Disco,52.7,%
Red,53593.50852394104,KB/s
CPU,24.0,%
Memoria,52.4,%
Disco,52.7,%
Red,53593.82417869568,KB/s
CPU,42.1,%
Memoria,52.3,%
Disco,52.7,%
Red,53595.787897109985,KB/s
CPU,23.6,%
Memoria,52.2,%
Disco,52.7,%
Red,53597.90522861481,KB/s
CPU,46.5,%
Memoria,52.3,%
Disco,52.7,%
Red,53598.46779346466,KB/s
CPU,32.9,%
Memoria,52.3,%
Disco,52.7,%
Red,53599.28932380676,KB/s
CPU,44.4,%
Memoria,52.4,%
Disco,52.7,%
Red,53599.92273616791,KB/s
CPU,25.2,%
Memoria,52.2,%
Disco,52.7,%
Red,53600.39168548584,KB/s
CPU,30.6,%
Memoria,52.0,%
Disco,52.7,%
Red,53601.110973358154,KB/s
CPU,32.2,%
Memoria,52.0,%
Disco,52.7,%
Red,53601.651666641235,KB/s
CPU,33.7,%
Memoria,52.0,%
Disco,52.7,%
Red,53602.355052948,KB/s
CPU,16.8,%
Memoria,52.1,%
Disco,52.7,%
Red,53602.91502857208,KB/s
CPU,29.5,%
Memoria,52.4,%
Disco,52.7,%
Red,53603.5382232666,KB/s
CPU,35.4,%
Memoria,52.3,%
Disco,52.7,%
Red,53604.18901634216,KB/s
CPU,28.2,%
Memoria,52.4,%
Disco,52.7,%
Red,53605.175126075745,KB/s
CPU,14.6,%
Memoria,52.3,%
Disco,52.7,%
Red,53605.525789260864,KB/s
CPU,16.3,%
Memoria,52.3,%
Disco,52.7,%
Red,53605.94260597229,KB/s
CPU,39.9,%
Memoria,52.3,%
Disco,52.7,%
Red,53608.060441970825,KB/s
CPU,45.6,%
Memoria,52.4,%
Disco,52.7,%
Red,53609.81358909607,KB/s
CPU,26.8,%
Memoria,52.6,%
Disco,52.7,%
Red,53612.191566467285,KB/s
CPU,16.3,%
Memoria,52.6,%
Disco,52.7,%
Red,53612.81328582764,KB/s
CPU,38.9,%
Memoria,52.6,%
Disco,52.7,%
Red,53614.13650894165,KB/s
CPU,19.1,%
Memoria,52.6,%
Disco,52.7,%
Red,53616.13208389282,KB/s
CPU,40.8,%
Memoria,52.5,%
Disco,52.7,%
Red,53618.29921531677,KB/s
CPU,15.2,%
Memoria,52.4,%
Disco,52.7,%
Red,53619.18427848816,KB/s
CPU,35.0,%
Memoria,52.7,%
Disco,52.7,%
Red,53620.02229785919,KB/s
CPU,28.9,%
Memoria,53.1,%
Disco,52.7,%
Red,53620.92018032074,KB/s
CPU,42.9,%
Memoria,53.1,%
Disco,52.7,%
Red,53621.53423976898,KB/s
CPU,39.8,%
Memoria,53.5,%
Disco,52.7,%
Red,53622.37032032013,KB/s
CPU,37.8,%
Memoria,53.3,%
Disco,52.7,%
Red,53622.940625190735,KB/s
CPU,36.5,%
Memoria,53.3,%
Disco,52.7,%
Red,53623.52834415436,KB/s
CPU,24.1,%
Memoria,53.1,%
Disco,52.7,%
Red,53624.145389556885,KB/s
CPU,37.3,%
Memoria,53.1,%
Disco,52.7,%
Red,53624.59088611603,KB/s
CPU,38.1,%
Memoria,53.1,%
Disco,52.7,%
Red,53625.46537780762,KB/s
CPU,19.8,%
Memoria,53.1,%
Disco,52.7,%
Red,53625.79189014435,KB/s
CPU,28.0,%
Memoria,52.9,%
Disco,52.7,%
Red,53626.622650146484,KB/s
CPU,30.2,%
Memoria,52.9,%
Disco,52.7,%
Red,53627.36754703522,KB/s
CPU,38.9,%
Memoria,52.9,%
Disco,52.7,%
Red,53628.85073184967,KB/s
CPU,27.9,%
Memoria,52.6,%
Disco,52.7,%
Red,53630.03208255768,KB/s
CPU,54.3,%
Memoria,52.7,%
Disco,52.7,%
Red,53630.648646354675,KB/s
CPU,41.5,%
Memoria,53.4,%
Disco,52.7,%
Red,53631.59725666046,KB/s
CPU,32.6,%
Memoria,53.4,%
Disco,52.7,%
Red,53632.22173023224,KB/s
CPU,33.7,%
Memoria,53.5,%
Disco,52.7,%
Red,53632.86443424225,KB/s
CPU,45.0,%
Memoria,53.8,%
Disco,52.7,%
Red,53633.508160591125,KB/s
CPU,60.5,%
Memoria,54.0,%
Disco,52.7,%
Red,53634.42019748688,KB/s
CPU,29.0,%
Memoria,54.2,%
Disco,52.7,%
Red,53635.32071685791,KB/s
CPU,22.4,%
Memoria,54.2,%
Disco,52.7,%
Red,53635.97633266449,KB/s
CPU,29.8,%
Memoria,54.5,%
Disco,52.7,%
Red,53636.922949790955,KB/s
CPU,46.3,%
Memoria,54.5,%
Disco,52.7,%
Red,53637.89099407196,KB/s
CPU,38.6,%
Memoria,54.9,%
Disco,52.7,%
Red,53639.392382621765,KB/s
CPU,66.3,%
Memoria,54.8,%
Disco,52.7,%
Red,53644.620109558105,KB/s
CPU,35.9,%
Memoria,54.5,%
Disco,52.7,%
Red,53645.82444000244,KB/s
CPU,24.7,%
Memoria,54.9,%
Disco,52.7,%
Red,53648.02071762085,KB/s
CPU,32.4,%
Memoria,54.7,%
Disco,52.7,%
Red,53648.593539237976,KB/s
CPU,42.0,%
Memoria,55.0,%
Disco,52.7,%
Red,53650.51791572571,KB/s
CPU,42.5,%
Memoria,55.0,%
Disco,52.7,%
Red,53651.766686439514,KB/s
CPU,62.5,%
Memoria,55.1,%
Disco,52.7,%
Red,53652.36954021454,KB/s
CPU,55.9,%
Memoria,55.4,%
Disco,52.7,%
Red,53653.6884059906,KB/s
CPU,27.4,%
Memoria,55.5,%
Disco,52.7,%
Red,53654.554597854614,KB/s
CPU,21.6,%
Memoria,55.6,%
Disco,52.7,%
Red,53655.53789138794,KB/s
CPU,23.8,%
Memoria,55.0,%
Disco,52.7,%
Red,53656.06342983246,KB/s
CPU,35.1,%
Memoria,54.8,%
Disco,52.7,%
Red,53657.15352725983,KB/s
CPU,72.3,%
Memoria,54.8,%
Disco,52.7,%
Red,53658.944620132446,KB/s
CPU,58.0,%
Memoria,54.8,%
Disco,52.7,%
Red,53661.12173652649,KB/s
CPU,40.4,%
Memoria,54.9,%
Disco,52.7,%
Red,53663.81745147705,KB/s
CPU,53.4,%
Memoria,55.1,%
Disco,52.7,%
Red,53666.64897251129,KB/s
CPU,42.7,%
Memoria,55.9,%
Disco,52.7,%
Red,53668.9759683609,KB/s
CPU,34.5,%
Memoria,55.1,%
Disco,52.7,%
Red,53671.36283302307,KB/s
CPU,49.4,%
Memoria,55.8,%
Disco,52.7,%
Red,53672.12606048584,KB/s
CPU,32.8,%
Memoria,55.3,%
Disco,52.7,%
Red,53672.82412338257,KB/s
CPU,14.0,%
Memoria,55.1,%
Disco,52.7,%
Red,53673.84654045105,KB/s
CPU,25.0,%
Memoria,55.4,%
Disco,52.7,%
Red,53674.84971141815,KB/s
CPU,35.8,%
Memoria,55.5,%
Disco,52.7,%
Red,53675.63622188568,KB/s
CPU,45.6,%
Memoria,55.4,%
Disco,52.7,%
Red,53676.541670799255,KB/s
CPU,29.7,%
Memoria,55.3,%
Disco,52.7,%
Red,53676.99295425415,KB/s
CPU,40.8,%
Memoria,55.4,%
Disco,52.7,%
Red,53677.666427612305,KB/s
CPU,23.0,%
Memoria,55.4,%
Disco,52.7,%
Red,53678.150570869446,KB/s
CPU,24.4,%
Memoria,55.1,%
Disco,52.7,%
Red,53678.93598461151,KB/s
CPU,32.6,%
Memoria,55.0,%
Disco,52.7,%
Red,53679.442618370056,KB/s
CPU,42.9,%
Memoria,54.5,%
Disco,52.7,%
Red,53679.948046684265,KB/s
CPU,37.2,%
Memoria,54.7,%
Disco,52.7,%
Red,53680.71824550629,KB/s
CPU,22.7,%
Memoria,55.1,%
Disco,52.7,%
Red,53681.36406803131,KB/s
CPU,40.3,%
Memoria,55.2,%
Disco,52.7,%
Red,53682.845425605774,KB/s
CPU,35.3,%
Memoria,55.3,%
Disco,52.7,%
Red,53683.51951313019,KB/s
CPU,22.0,%
Memoria,55.2,%
Disco,52.7,%
Red,53684.21103668213,KB/s
CPU,40.7,%
Memoria,55.4,%
Disco,52.7,%
Red,53685.29472064972,KB/s
CPU,37.9,%
Memoria,55.3,%
Disco,52.7,%
Red,53685.84397697449,KB/s
CPU,30.0,%
Memoria,55.4,%
Disco,52.7,%
Red,53687.62692260742,KB/s
CPU,45.3,%
Memoria,55.2,%
Disco,52.7,%
Red,53688.287477493286,KB/s
CPU,30.8,%
Memoria,55.2,%
Disco,52.7,%
Red,53689.4273109436,KB/s
CPU,51.6,%
Memoria,55.5,%
Disco,52.7,%
Red,53690.693877220154,KB/s
CPU,55.0,%
Memoria,55.0,%
Disco,52.7,%
Red,53691.88401031494,KB/s
CPU,45.7,%
Memoria,55.5,%
Disco,52.7,%
Red,53693.12617683411,KB/s
CPU,30.0,%
Memoria,55.5,%
Disco,52.7,%
Red,53694.85708999634,KB/s
CPU,58.8,%
Memoria,55.3,%
Disco,52.7,%
Red,53695.89866924286,KB/s
CPU,39.0,%
Memoria,55.2,%
Disco,52.7,%
Red,53697.35129261017,KB/s
CPU,26.6,%
Memoria,55.2,%
Disco,52.7,%
Red,53698.33460044861,KB/s
CPU,30.2,%
Memoria,55.6,%
Disco,52.7,%
Red,53698.851749420166,KB/s
CPU,29.6,%
Memoria,55.1,%
Disco,52.7,%
Red,53699.13792705536,KB/s
CPU,49.4,%
Memoria,55.2,%
Disco,52.7,%
Red,53699.5159778595,KB/s
CPU,45.8,%
Memoria,55.4,%
Disco,52.7,%
Red,53699.97407627106,KB/s
CPU,52.9,%
Memoria,55.2,%
Disco,52.7,%
Red,53700.4287071228,KB/s
CPU,52.5,%
Memoria,55.2,%
Disco,52.7,%
Red,53700.88219165802,KB/s
CPU,52.3,%
Memoria,55.4,%
Disco,52.7,%
Red,53701.20376873016,KB/s
CPU,26.6,%
Memoria,55.4,%
Disco,52.7,%
Red,53701.568059921265,KB/s
CPU,21.4,%
Memoria,55.7,%
Disco,52.7,%
Red,53701.87097835541,KB/s
CPU,14.1,%
Memoria,55.0,%
Disco,52.7,%
Red,53702.16720485687,KB/s
CPU,32.4,%
Memoria,55.0,%
Disco,52.7,%
Red,53702.5113735199,KB/s
CPU,33.6,%
Memoria,55.2,%
Disco,52.7,%
Red,53703.0512304306,KB/s
CPU,31.1,%
Memoria,55.6,%
Disco,52.7,%
Red,53703.32080936432,KB/s
CPU,31.6,%
Memoria,55.6,%
Disco,52.7,%
Red,53703.74173641205,KB/s
CPU,37.1,%
Memoria,55.6,%
Disco,52.7,%
Red,53704.026686668396,KB/s
CPU,36.6,%
Memoria,55.7,%
Disco,52.7,%
Red,53704.336145401,KB/s
CPU,42.5,%
Memoria,55.9,%
Disco,52.7,%
Red,53704.67496299744,KB/s
CPU,44.0,%
Memoria,56.1,%
Disco,52.7,%
Red,53705.247440338135,KB/s
CPU,43.2,%
Memoria,56.4,%
Disco,52.7,%
Red,53705.66947364807,KB/s
CPU,36.2,%
Memoria,56.4,%
Disco,52.7,%
Red,53705.999024391174,KB/s
CPU,38.4,%
Memoria,56.3,%
Disco,52.7,%
Red,53706.344029426575,KB/s
CPU,30.9,%
Memoria,55.9,%
Disco,52.7,%
Red,53706.61254692078,KB/s
CPU,36.9,%
Memoria,55.9,%
Disco,52.7,%
Red,53706.94256687164,KB/s
CPU,43.8,%
Memoria,56.0,%
Disco,52.7,%
Red,53707.26632595062,KB/s
CPU,29.8,%
Memoria,56.0,%
Disco,52.7,%
Red,53707.69677066803,KB/s
CPU,23.9,%
Memoria,56.0,%
Disco,52.7,%
Red,53708.044684410095,KB/s
CPU,27.9,%
Memoria,56.0,%
Disco,52.7,%
Red,53708.57748126984,KB/s
CPU,16.4,%
Memoria,55.7,%
Disco,52.7,%
Red,53708.91930103302,KB/s
CPU,27.2,%
Memoria,55.7,%
Disco,52.7,%
Red,53709.36047935486,KB/s
CPU,30.1,%
Memoria,54.3,%
Disco,52.7,%
Red,53709.8403968811,KB/s
CPU,32.7,%
Memoria,54.4,%
Disco,52.7,%
Red,53710.13754940033,KB/s
CPU,26.4,%
Memoria,54.4,%
Disco,52.7,%
Red,53710.52476501465,KB/s
CPU,14.0,%
Memoria,54.4,%
Disco,52.7,%
Red,53710.897232055664,KB/s
CPU,28.5,%
Memoria,54.7,%
Disco,52.7,%
Red,53711.33489227295,KB/s
CPU,35.4,%
Memoria,55.0,%
Disco,52.7,%
Red,53711.7311668396,KB/s
CPU,48.6,%
Memoria,55.5,%
Disco,52.7,%
Red,53712.217007637024,KB/s
CPU,41.2,%
Memoria,55.6,%
Disco,52.7,%
Red,53712.542070388794,KB/s
CPU,27.3,%
Memoria,55.6,%
Disco,52.7,%
Red,53712.93323993683,KB/s
CPU,38.9,%
Memoria,55.7,%
Disco,52.7,%
Red,53713.297647476196,KB/s
CPU,38.4,%
Memoria,56.0,%
Disco,52.7,%
Red,53713.813791275024,KB/s
CPU,37.5,%
Memoria,55.6,%
Disco,52.7,%
Red,53714.366993904114,KB/s
CPU,16.0,%
Memoria,54.8,%
Disco,52.7,%
Red,53715.11557674408,KB/s
CPU,28.3,%
Memoria,54.9,%
Disco,52.7,%
Red,53715.74176120758,KB/s
CPU,50.8,%
Memoria,55.0,%
Disco,52.7,%
Red,53716.46645736694,KB/s
CPU,48.8,%
Memoria,55.7,%
Disco,52.7,%
Red,53717.15814590454,KB/s
CPU,49.2,%
Memoria,55.7,%
Disco,52.7,%
Red,53718.33025741577,KB/s
CPU,35.1,%
Memoria,55.8,%
Disco,52.7,%
Red,53719.45326805115,KB/s
CPU,55.3,%
Memoria,56.1,%
Disco,52.7,%
Red,53720.316175460815,KB/s
CPU,56.3,%
Memoria,57.2,%
Disco,52.7,%
Red,53721.825033187866,KB/s
CPU,50.0,%
Memoria,56.8,%
Disco,52.7,%
Red,53722.89600944519,KB/s
CPU,38.8,%
Memoria,56.8,%
Disco,52.7,%
Red,53723.79426574707,KB/s
CPU,43.2,%
Memoria,55.7,%
Disco,52.7,%
Red,53724.293741226196,KB/s
CPU,39.0,%
Memoria,55.6,%
Disco,52.7,%
Red,53725.069257736206,KB/s
CPU,32.8,%
Memoria,55.5,%
Disco,52.7,%
Red,53725.66315078735,KB/s
CPU,36.4,%
Memoria,55.6,%
Disco,52.7,%
Red,53726.35701465607,KB/s
CPU,34.2,%
Memoria,55.6,%
Disco,52.7,%
Red,53726.936460494995,KB/s
CPU,29.3,%
Memoria,55.5,%
Disco,52.7,%
Red,53727.689578056335,KB/s
CPU,30.0,%
Memoria,55.6,%
Disco,52.7,%
Red,53728.21038341522,KB/s
CPU,38.7,%
Memoria,55.6,%
Disco,52.7,%
Red,53729.18688297272,KB/s
CPU,39.0,%
Memoria,55.2,%
Disco,52.7,%
Red,53729.50121116638,KB/s
CPU,50.4,%
Memoria,56.4,%
Disco,52.7,%
Red,53730.476366996765,KB/s
CPU,40.3,%
Memoria,55.8,%
Disco,52.7,%
Red,53731.010964393616,KB/s
CPU,33.3,%
Memoria,55.8,%
Disco,52.7,%
Red,53731.77269458771,KB/s
CPU,47.1,%
Memoria,55.7,%
Disco,52.7,%
Red,53732.93184185028,KB/s
CPU,20.2,%
Memoria,55.7,%
Disco,52.7,%
Red,53733.93626499176,KB/s
CPU,20.5,%
Memoria,55.6,%
Disco,52.7,%
Red,53734.25308704376,KB/s
CPU,18.3,%
Memoria,55.6,%
Disco,52.7,%
Red,53734.8989982605,KB/s
CPU,34.9,%
Memoria,56.4,%
Disco,52.7,%
Red,53735.711577415466,KB/s
CPU,14.7,%
Memoria,55.7,%
Disco,52.7,%
Red,53736.49848842621,KB/s
CPU,23.3,%
Memoria,55.4,%
Disco,52.7,%
Red,53737.32018280029,KB/s
CPU,14.8,%
Memoria,55.4,%
Disco,52.7,%
Red,53738.146876335144,KB/s
CPU,16.1,%
Memoria,55.3,%
Disco,52.7,%
Red,53738.9551858902,KB/s
CPU,20.1,%
Memoria,55.4,%
Disco,52.7,%
Red,53739.79336166382,KB/s
CPU,31.3,%
Memoria,55.4,%
Disco,52.7,%
Red,53740.58863544464,KB/s
CPU,30.0,%
Memoria,55.6,%
Disco,52.7,%
Red,53741.41127872467,KB/s
CPU,17.6,%
Memoria,55.5,%
Disco,52.7,%
Red,53742.21110057831,KB/s
CPU,74.4,%
Memoria,55.4,%
Disco,52.7,%
Red,53742.791003227234,KB/s
CPU,36.0,%
Memoria,55.5,%
Disco,52.7,%
Red,53743.3403968811,KB/s
CPU,18.2,%
Memoria,55.4,%
Disco,52.7,%
Red,53743.860750198364,KB/s
CPU,26.8,%
Memoria,55.4,%
Disco,52.7,%
Red,53744.5160779953,KB/s
CPU,35.1,%
Memoria,55.5,%
Disco,52.7,%
Red,53745.32051372528,KB/s
CPU,50.8,%
Memoria,55.8,%
Disco,52.7,%
Red,53746.11912536621,KB/s
CPU,28.6,%
Memoria,55.6,%
Disco,52.7,%
Red,53747.39016914368,KB/s
CPU,28.3,%
Memoria,55.6,%
Disco,52.7,%
Red,53747.80870437622,KB/s
CPU,34.1,%
Memoria,55.5,%
Disco,52.7,%
Red,53748.4084148407,KB/s
CPU,37.8,%
Memoria,55.7,%
Disco,52.7,%
Red,53748.88421821594,KB/s
CPU,37.5,%
Memoria,55.6,%
Disco,52.7,%
Red,53749.21546268463,KB/s
CPU,46.7,%
Memoria,55.5,%
Disco,52.7,%
Red,53749.54929256439,KB/s
CPU,40.9,%
Memoria,55.6,%
Disco,52.7,%
Red,53750.180802345276,KB/s
CPU,16.4,%
Memoria,55.5,%
Disco,52.7,%
Red,53750.60232067108,KB/s
CPU,34.6,%
Memoria,55.9,%
Disco,52.7,%
Red,53751.1317691803,KB/s
CPU,41.3,%
Memoria,55.9,%
Disco,52.7,%
Red,53751.7466840744,KB/s
CPU,44.0,%
Memoria,56.7,%
Disco,52.7,%
Red,53752.405168533325,KB/s
CPU,33.1,%
Memoria,56.0,%
Disco,52.7,%
Red,53752.91201019287,KB/s
CPU,54.1,%
Memoria,56.1,%
Disco,52.7,%
Red,53753.43104553223,KB/s
CPU,49.4,%
Memoria,56.3,%
Disco,52.7,%
Red,53754.101737976074,KB/s
CPU,16.0,%
Memoria,56.2,%
Disco,52.7,%
Red,53754.62000751495,KB/s
CPU,31.7,%
Memoria,56.1,%
Disco,52.7,%
Red,53755.244420051575,KB/s
CPU,62.7,%
Memoria,55.6,%
Disco,52.7,%
Red,53755.797434806824,KB/s
CPU,27.0,%
Memoria,55.6,%
Disco,52.7,%
Red,53756.39435482025,KB/s
CPU,32.7,%
Memoria,55.6,%
Disco,52.7,%
Red,53756.84460926056,KB/s
CPU,35.9,%
Memoria,55.7,%
Disco,52.7,%
Red,53757.485030174255,KB/s
CPU,52.3,%
Memoria,56.0,%
Disco,52.7,%
Red,53757.909465789795,KB/s
CPU,36.6,%
Memoria,56.1,%
Disco,52.7,%
Red,53758.59595012665,KB/s
CPU,26.1,%
Memoria,55.8,%
Disco,52.7,%
Red,53759.32808113098,KB/s
CPU,29.6,%
Memoria,55.9,%
Disco,52.7,%
Red,53759.90986251831,KB/s
CPU,32.8,%
Memoria,55.8,%
Disco,52.7,%
Red,53760.44196128845,KB/s
CPU,57.8,%
Memoria,55.4,%
Disco,52.7,%
Red,53760.95752334595,KB/s
CPU,36.2,%
Memoria,55.4,%
Disco,52.7,%
Red,53761.576283454895,KB/s
CPU,20.6,%
Memoria,55.5,%
Disco,52.7,%
Red,53762.23969459534,KB/s
CPU,18.0,%
Memoria,55.5,%
Disco,52.7,%
Red,53762.87203884125,KB/s
CPU,24.1,%
Memoria,55.6,%
Disco,52.7,%
Red,53763.292013168335,KB/s
CPU,17.6,%
Memoria,55.5,%
Disco,52.7,%
Red,53763.55959415436,KB/s
CPU,20.8,%
Memoria,55.5,%
Disco,52.7,%
Red,53763.85710811615,KB/s
CPU,39.5,%
Memoria,55.6,%
Disco,52.7,%
Red,53764.2664604187,KB/s
CPU,12.8,%
Memoria,55.5,%
Disco,52.7,%
Red,53765.02076339722,KB/s
CPU,42.4,%
Memoria,55.6,%
Disco,52.7,%
Red,53765.94862365723,KB/s
CPU,36.0,%
Memoria,55.6,%
Disco,52.7,%
Red,53767.188665390015,KB/s
CPU,39.3,%
Memoria,55.9,%
Disco,52.7,%
Red,53769.926708221436,KB/s
CPU,45.8,%
Memoria,56.1,%
Disco,52.7,%
Red,53770.99217891693,KB/s
CPU,71.6,%
Memoria,56.2,%
Disco,52.7,%
Red,53771.831146240234,KB/s
CPU,61.1,%
Memoria,55.9,%
Disco,52.7,%
Red,53772.771198272705,KB/s
CPU,46.3,%
Memoria,55.9,%
Disco,52.7,%
Red,53773.565541267395,KB/s
CPU,9.3,%
Memoria,44.5,%
Disco,52.9,%
Red,68930.57951831818,KB/s
CPU,1.6,%
Memoria,44.3,%
Disco,52.9,%
Red,68930.63722991943,KB/s
CPU,1.9,%
Memoria,44.2,%
Disco,52.9,%
Red,68930.63840389252,KB/s
CPU,2.3,%
Memoria,44.3,%
Disco,52.9,%
Red,68930.6396818161,KB/s
CPU,0.0,%
Memoria,44.2,%
Disco,52.9,%
Red,68930.64027118683,KB/s
CPU,2.7,%
Memoria,44.4,%
Disco,52.9,%
Red,68931.86476707458,KB/s
CPU,5.5,%
Memoria,44.4,%
Disco,52.9,%
Red,68931.86735153198,KB/s
CPU,4.3,%
Memoria,44.4,%
Disco,52.9,%
Red,68931.86790370941,KB/s
CPU,0.0,%
Memoria,44.3,%
Disco,52.9,%
Red,68931.86831760406,KB/s
CPU,3.5,%
Memoria,44.4,%
Disco,52.9,%
Red,68931.86870765686,KB/s
CPU,1.6,%
Memoria,44.3,%
Disco,52.9,%
Red,68931.92860221863,KB/s
CPU,10.6,%
Memoria,44.4,%
Disco,52.9,%
Red,68931.9358997345,KB/s
CPU,5.4,%
Memoria,44.4,%
Disco,52.9,%
Red,68931.9363489151,KB/s
CPU,7.8,%
Memoria,44.5,%
Disco,52.9,%
Red,68931.94548225403,KB/s
CPU,1.2,%
Memoria,44.4,%
Disco,52.9,%
Red,68931.94595527649,KB/s
CPU,1.6,%
Memoria,44.4,%
Disco,52.9,%
Red,68931.94636249542,KB/s
CPU,1.6,%
Memoria,44.4,%
Disco,52.9,%
Red,68931.94636249542,KB/s
CPU,2.0,%
Memoria,44.3,%
Disco,52.9,%
Red,68931.94745254517,KB/s
CPU,8.6,%
Memoria,44.5,%
Disco,52.9,%
Red,68931.94751548767,KB/s
CPU,1.2,%
Memoria,44.1,%
Disco,52.9,%
Red,68931.94751548767,KB/s
CPU,1.6,%
Memoria,44.4,%
Disco,52.9,%
Red,68931.94786167145,KB/s
CPU,1.2,%
Memoria,44.2,%
Disco,52.9,%
Red,68931.9496717453,KB/s
CPU,0.0,%
Memoria,44.1,%
Disco,52.9,%
Red,68931.94991397858,KB/s
CPU,8.2,%
Memoria,44.2,%
Disco,52.9,%
Red,68931.94991397858,KB/s
CPU,9.8,%
Memoria,44.2,%
Disco,52.9,%
Red,68931.95002937317,KB/s
CPU,1.2,%
Memoria,44.2,%
Disco,52.9,%
Red,68931.95002937317,KB/s
CPU,5.5,%
Memoria,44.2,%
Disco,52.9,%
Red,68931.95043849945,KB/s
CPU,11.7,%
Memoria,44.2,%
Disco,52.9,%
Red,68931.95103549957,KB/s
CPU,3.9,%
Memoria,44.2,%
Disco,52.9,%
Red,68931.95103549957,KB/s
CPU,14.8,%
Memoria,44.3,%
Disco,52.9,%
Red,68931.95203399658,KB/s
CPU,3.9,%
Memoria,44.2,%
Disco,52.9,%
Red,68931.95306587219,KB/s
CPU,9.3,%
Memoria,44.2,%
Disco,52.9,%
Red,68931.95306587219,KB/s
CPU,10.3,%
Memoria,44.3,%
Disco,52.9,%
Red,68931.95464515686,KB/s
CPU,3.9,%
Memoria,44.3,%
Disco,52.9,%
Red,68931.9552974701,KB/s
CPU,2.7,%
Memoria,44.2,%
Disco,52.9,%
Red,68931.95582103729,KB/s
CPU,4.7,%
Memoria,44.2,%
Disco,52.9,%
Red,68931.95690536499,KB/s
CPU,12.1,%
Memoria,44.3,%
Disco,52.9,%
Red,68931.95690536499,KB/s
CPU,1.6,%
Memoria,44.2,%
Disco,52.9,%
Red,68931.95690536499,KB/s
CPU,0.0,%
Memoria,44.2,%
Disco,52.9,%
Red,68931.95726299286,KB/s
CPU,18.9,%
Memoria,44.3,%
Disco,52.9,%
Red,68931.96418190002,KB/s
CPU,9.8,%
Memoria,44.7,%
Disco,52.9,%
Red,68931.96601200104,KB/s
CPU,6.6,%
Memoria,44.5,%
Disco,52.9,%
Red,68931.97056293488,KB/s
CPU,15.2,%
Memoria,44.5,%
Disco,52.9,%
Red,68931.97102165222,KB/s
CPU,3.5,%
Memoria,44.5,%
Disco,52.9,%
Red,68931.97102165222,KB/s
CPU,14.9,%
Memoria,44.4,%
Disco,52.9,%
Red,68931.97102165222,KB/s
CPU,25.0,%
Memoria,44.5,%
Disco,52.9,%
Red,68931.9715385437,KB/s
CPU,10.8,%
Memoria,44.4,%
Disco,52.9,%
Red,68931.97246074677,KB/s
CPU,9.3,%
Memoria,44.4,%
Disco,52.9,%
Red,68931.97289943695,KB/s
CPU,3.9,%
Memoria,44.4,%
Disco,52.9,%
Red,68931.97305965424,KB/s
CPU,9.2,%
Memoria,44.3,%
Disco,52.9,%
Red,68931.97356414795,KB/s
CPU,4.7,%
Memoria,44.3,%
Disco,52.9,%
Red,68931.97432231903,KB/s
CPU,5.8,%
Memoria,44.3,%
Disco,52.9,%
Red,68931.97432231903,KB/s
CPU,18.4,%
Memoria,44.3,%
Disco,52.9,%
Red,68931.97440433502,KB/s
CPU,2.7,%
Memoria,44.3,%
Disco,52.9,%
Red,68931.97536087036,KB/s
CPU,11.3,%
Memoria,44.3,%
Disco,52.9,%
Red,68931.97560310364,KB/s
CPU,5.5,%
Memoria,44.3,%
Disco,52.9,%
Red,68931.97570037842,KB/s
CPU,11.3,%
Memoria,44.3,%
Disco,52.9,%
Red,68931.97570037842,KB/s
CPU,6.6,%
Memoria,44.5,%
Disco,52.9,%
Red,68931.97616004944,KB/s
CPU,3.1,%
Memoria,44.3,%
Disco,52.9,%
Red,68931.97656726837,KB/s
CPU,1.2,%
Memoria,44.3,%
Disco,52.9,%
Red,68931.97695636749,KB/s
CPU,2.4,%
Memoria,44.3,%
Disco,52.9,%
Red,68931.97807502747,KB/s
CPU,1.6,%
Memoria,44.3,%
Disco,52.9,%
Red,68931.98371505737,KB/s
CPU,3.5,%
Memoria,44.4,%
Disco,52.9,%
Red,68931.9847574234,KB/s
CPU,2.7,%
Memoria,44.4,%
Disco,52.9,%
Red,68932.01501655579,KB/s
CPU,2.0,%
Memoria,44.4,%
Disco,52.9,%
Red,68932.0177192688,KB/s
CPU,15.6,%
Memoria,44.4,%
Disco,52.9,%
Red,68932.01941013336,KB/s
CPU,18.0,%
Memoria,44.4,%
Disco,52.9,%
Red,68932.01954650879,KB/s
CPU,1.2,%
Memoria,44.4,%
Disco,52.9,%
Red,68932.02048397064,KB/s
CPU,12.9,%
Memoria,44.4,%
Disco,52.9,%
Red,68932.0216884613,KB/s
CPU,1.6,%
Memoria,44.4,%
Disco,52.9,%
Red,68932.02391147614,KB/s
CPU,3.5,%
Memoria,44.4,%
Disco,52.9,%
Red,68932.02453327179,KB/s
CPU,3.1,%
Memoria,44.4,%
Disco,52.9,%
Red,68932.0246925354,KB/s
CPU,0.4,%
Memoria,44.4,%
Disco,52.9,%
Red,68932.02512454987,KB/s
CPU,1.6,%
Memoria,44.4,%
Disco,52.9,%
Red,68932.08307647705,KB/s
CPU,0.8,%
Memoria,44.3,%
Disco,52.9,%
Red,68932.08323574066,KB/s
CPU,2.7,%
Memoria,44.4,%
Disco,52.9,%
Red,68932.08348751068,KB/s
CPU,1.6,%
Memoria,44.4,%
Disco,52.9,%
Red,68932.08773040771,KB/s
CPU,7.0,%
Memoria,44.5,%
Disco,52.9,%
Red,68932.08941173553,KB/s
CPU,5.1,%
Memoria,44.5,%
Disco,52.9,%
Red,68932.09048461914,KB/s
CPU,12.4,%
Memoria,44.5,%
Disco,52.9,%
Red,68932.09048461914,KB/s
CPU,5.1,%
Memoria,44.5,%
Disco,52.9,%
Red,68932.09115028381,KB/s
CPU,16.0,%
Memoria,44.7,%
Disco,52.9,%
Red,68932.09903335571,KB/s
CPU,13.6,%
Memoria,44.9,%
Disco,52.9,%
Red,68932.11735057831,KB/s
CPU,11.6,%
Memoria,45.1,%
Disco,52.9,%
Red,68932.20574092865,KB/s
CPU,26.7,%
Memoria,45.5,%
Disco,52.9,%
Red,68932.22350120544,KB/s
CPU,43.8,%
Memoria,46.0,%
Disco,52.9,%
Red,68932.24920082092,KB/s
CPU,30.9,%
Memoria,46.2,%
Disco,52.9,%
Red,68932.2742843628,KB/s
CPU,50.4,%
Memoria,46.5,%
Disco,52.9,%
Red,68932.30810832977,KB/s
CPU,16.4,%
Memoria,46.7,%
Disco,52.9,%
Red,68932.34376335144,KB/s
CPU,32.4,%
Memoria,47.2,%
Disco,52.9,%
Red,68932.47335243225,KB/s
CPU,27.8,%
Memoria,46.4,%
Disco,52.9,%
Red,68933.54863166809,KB/s
CPU,12.4,%
Memoria,46.4,%
Disco,52.9,%
Red,68933.65683174133,KB/s
CPU,7.0,%
Memoria,46.3,%
Disco,52.9,%
Red,68933.67491817474,KB/s
CPU,24.9,%
Memoria,46.2,%
Disco,52.9,%
Red,68933.68955802917,KB/s
CPU,4.7,%
Memoria,46.3,%
Disco,52.9,%
Red,68933.69002342224,KB/s
CPU,3.9,%
Memoria,46.2,%
Disco,52.9,%
Red,68933.69002342224,KB/s
CPU,5.5,%
Memoria,46.1,%
Disco,52.9,%
Red,68933.69099998474,KB/s
CPU,12.7,%
Memoria,46.2,%
Disco,52.9,%
Red,68933.69158744812,KB/s
CPU,3.1,%
Memoria,46.2,%
Disco,52.9,%
Red,68933.69197654724,KB/s
CPU,10.0,%
Memoria,46.2,%
Disco,52.9,%
Red,68933.69365215302,KB/s
CPU,7.8,%
Memoria,45.8,%
Disco,52.9,%
Red,68933.69426441193,KB/s
CPU,4.3,%
Memoria,45.8,%
Disco,52.9,%
Red,68933.70528793335,KB/s
CPU,7.8,%
Memoria,45.8,%
Disco,52.9,%
Red,68933.7061290741,KB/s
CPU,5.1,%
Memoria,45.8,%
Disco,52.9,%
Red,68933.70628833771,KB/s
CPU,2.3,%
Memoria,45.8,%
Disco,52.9,%
Red,68933.707903862,KB/s
CPU,3.5,%
Memoria,45.7,%
Disco,52.9,%
Red,68933.70851707458,KB/s
CPU,3.1,%
Memoria,45.7,%
Disco,52.9,%
Red,68933.7169418335,KB/s
CPU,8.6,%
Memoria,45.6,%
Disco,52.9,%
Red,68933.73649024963,KB/s
CPU,11.2,%
Memoria,45.7,%
Disco,52.9,%
Red,68933.74593734741,KB/s
CPU,7.1,%
Memoria,45.7,%
Disco,52.9,%
Red,68933.74852848053,KB/s
CPU,2.3,%
Memoria,45.8,%
Disco,52.9,%
Red,68933.750415802,KB/s
CPU,3.5,%
Memoria,45.9,%
Disco,52.9,%
Red,68933.75551700592,KB/s
CPU,0.0,%
Memoria,45.5,%
Disco,52.9,%
Red,68933.75645446777,KB/s
CPU,4.3,%
Memoria,45.5,%
Disco,52.9,%
Red,68933.75775241852,KB/s
CPU,0.4,%
Memoria,45.5,%
Disco,52.9,%
Red,68933.75775241852,KB/s
CPU,1.6,%
Memoria,45.3,%
Disco,52.9,%
Red,68933.7581615448,KB/s
CPU,2.8,%
Memoria,45.3,%
Disco,52.9,%
Red,68933.75898170471,KB/s
CPU,7.0,%
Memoria,45.4,%
Disco,52.9,%
Red,68933.76856803894,KB/s
CPU,1.6,%
Memoria,45.3,%
Disco,52.9,%
Red,68933.76891517639,KB/s
CPU,3.5,%
Memoria,45.3,%
Disco,52.9,%
Red,68933.77181720734,KB/s
CPU,7.0,%
Memoria,45.3,%
Disco,52.9,%
Red,68933.77234172821,KB/s
CPU,2.7,%
Memoria,45.1,%
Disco,52.9,%
Red,68933.7724571228,KB/s
CPU,3.1,%
Memoria,45.1,%
Disco,52.9,%
Red,68933.77684783936,KB/s
CPU,0.4,%
Memoria,45.1,%
Disco,52.9,%
Red,68933.77835178375,KB/s
CPU,13.7,%
Memoria,45.2,%
Disco,52.9,%
Red,68933.78136825562,KB/s
CPU,1.6,%
Memoria,45.2,%
Disco,52.9,%
Red,68933.78319454193,KB/s
CPU,0.0,%
Memoria,45.2,%
Disco,52.9,%
Red,68933.78472995758,KB/s
CPU,4.3,%
Memoria,45.3,%
Disco,52.9,%
Red,68933.80200004578,KB/s
CPU,1.5,%
Memoria,45.3,%
Disco,52.9,%
Red,68933.80200004578,KB/s
CPU,17.9,%
Memoria,45.3,%
Disco,52.9,%
Red,68933.80224132538,KB/s
CPU,23.6,%
Memoria,45.1,%
Disco,52.9,%
Red,68933.80224132538,KB/s
CPU,5.8,%
Memoria,45.1,%
Disco,52.9,%
Red,68933.80280590057,KB/s
CPU,1.6,%
Memoria,45.1,%
Disco,52.9,%
Red,68933.80296516418,KB/s
CPU,1.6,%
Memoria,45.0,%
Disco,52.9,%
Red,68933.80515861511,KB/s
CPU,2.7,%
Memoria,45.2,%
Disco,52.9,%
Red,68933.80570220947,KB/s
CPU,2.3,%
Memoria,45.2,%
Disco,52.9,%
Red,68933.90966320038,KB/s
CPU,2.7,%
Memoria,45.2,%
Disco,52.9,%
Red,68933.91520214081,KB/s
CPU,12.9,%
Memoria,45.4,%
Disco,52.9,%
Red,68933.95538806915,KB/s
CPU,25.8,%
Memoria,46.2,%
Disco,52.9,%
Red,68934.00003147125,KB/s
CPU,29.6,%
Memoria,46.6,%
Disco,52.9,%
Red,68934.0233297348,KB/s
CPU,28.5,%
Memoria,46.6,%
Disco,52.9,%
Red,68934.05619812012,KB/s
CPU,32.0,%
Memoria,46.7,%
Disco,52.9,%
Red,68934.08170700073,KB/s
CPU,29.6,%
Memoria,46.7,%
Disco,52.9,%
Red,68934.10203075409,KB/s
CPU,40.6,%
Memoria,46.7,%
Disco,52.9,%
Red,68934.12067222595,KB/s
CPU,32.3,%
Memoria,46.7,%
Disco,52.9,%
Red,68934.14121341705,KB/s
CPU,6.2,%
Memoria,47.2,%
Disco,52.9,%
Red,68934.15245819092,KB/s
CPU,0.8,%
Memoria,47.2,%
Disco,52.9,%
Red,68934.15746307373,KB/s
CPU,0.8,%
Memoria,47.2,%
Disco,52.9,%
Red,68934.17786502838,KB/s
CPU,2.0,%
Memoria,47.2,%
Disco,52.9,%
Red,68934.18199920654,KB/s
CPU,20.1,%
Memoria,47.1,%
Disco,52.9,%
Red,68934.18330383301,KB/s
CPU,18.5,%
Memoria,45.7,%
Disco,52.9,%
Red,68934.18397903442,KB/s
CPU,7.4,%
Memoria,45.8,%
Disco,52.9,%
Red,68934.18469047546,KB/s
CPU,2.0,%
Memoria,45.6,%
Disco,52.9,%
Red,68934.18469047546,KB/s
CPU,6.6,%
Memoria,45.3,%
Disco,52.9,%
Red,68934.20930957794,KB/s
CPU,2.4,%
Memoria,45.7,%
Disco,52.9,%
Red,68934.29781913757,KB/s
CPU,2.3,%
Memoria,45.3,%
Disco,52.9,%
Red,68934.33113002777,KB/s
CPU,1.6,%
Memoria,45.3,%
Disco,52.9,%
Red,68934.33113002777,KB/s
CPU,2.0,%
Memoria,45.2,%
Disco,52.9,%
Red,68934.33147716522,KB/s
CPU,2.3,%
Memoria,45.5,%
Disco,52.9,%
Red,68934.33404064178,KB/s
CPU,3.9,%
Memoria,45.6,%
Disco,52.9,%
Red,68934.37323570251,KB/s
CPU,7.4,%
Memoria,45.9,%
Disco,52.9,%
Red,68934.3908443451,KB/s
CPU,5.5,%
Memoria,45.7,%
Disco,52.9,%
Red,68934.39131164551,KB/s
CPU,1.6,%
Memoria,45.6,%
Disco,52.9,%
Red,68934.39304256439,KB/s
CPU,7.5,%
Memoria,45.6,%
Disco,52.9,%
Red,68934.42114639282,KB/s
CPU,1.6,%
Memoria,45.5,%
Disco,52.9,%
Red,68934.42251968384,KB/s
CPU,0.8,%
Memoria,45.5,%
Disco,52.9,%
Red,68934.42355155945,KB/s
CPU,6.2,%
Memoria,45.5,%
Disco,52.9,%
Red,68934.42468261719,KB/s
CPU,1.6,%
Memoria,45.5,%
Disco,52.9,%
Red,68934.42468261719,KB/s
CPU,1.9,%
Memoria,45.5,%
Disco,52.9,%
Red,68934.42544841766,KB/s
CPU,3.5,%
Memoria,45.5,%
Disco,52.9,%
Red,68934.4899482727,KB/s
CPU,1.2,%
Memoria,45.3,%
Disco,52.9,%
Red,68934.49068450928,KB/s
CPU,9.8,%
Memoria,45.2,%
Disco,52.9,%
Red,68934.49325275421,KB/s
CPU,13.6,%
Memoria,45.2,%
Disco,52.9,%
Red,68934.49428462982,KB/s
CPU,2.3,%
Memoria,45.2,%
Disco,52.9,%
Red,68934.55856323242,KB/s
CPU,2.0,%
Memoria,45.2,%
Disco,52.9,%
Red,68934.57376861572,KB/s
CPU,0.4,%
Memoria,45.3,%
Disco,52.9,%
Red,68934.57485198975,KB/s
CPU,2.0,%
Memoria,45.2,%
Disco,52.9,%
Red,68934.60720348358,KB/s
CPU,1.6,%
Memoria,45.5,%
Disco,52.9,%
Red,68934.63464546204,KB/s
CPU,2.3,%
Memoria,45.5,%
Disco,52.9,%
Red,68934.67150878906,KB/s
CPU,1.2,%
Memoria,45.3,%
Disco,52.9,%
Red,68934.69756031036,KB/s
CPU,1.2,%
Memoria,45.5,%
Disco,52.9,%
Red,68934.72303390503,KB/s
CPU,5.8,%
Memoria,45.7,%
Disco,52.9,%
Red,68934.77200222015,KB/s
CPU,2.0,%
Memoria,45.3,%
Disco,52.9,%
Red,68934.81098175049,KB/s
CPU,3.1,%
Memoria,45.4,%
Disco,52.9,%
Red,68934.81406879425,KB/s
CPU,7.0,%
Memoria,45.7,%
Disco,52.9,%
Red,68934.83966827393,KB/s
CPU,0.4,%
Memoria,45.8,%
Disco,52.9,%
Red,68934.84048557281,KB/s
CPU,1.6,%
Memoria,45.7,%
Disco,52.9,%
Red,68934.84048557281,KB/s
CPU,1.2,%
Memoria,45.7,%
Disco,52.9,%
Red,68934.8406829834,KB/s
CPU,3.9,%
Memoria,45.7,%
Disco,52.9,%
Red,68934.84079837799,KB/s
CPU,0.4,%
Memoria,45.7,%
Disco,52.9,%
Red,68934.84079837799,KB/s
CPU,1.2,%
Memoria,45.7,%
Disco,52.9,%
Red,68934.84497070312,KB/s
CPU,1.2,%
Memoria,45.8,%
Disco,52.9,%
Red,68934.85026836395,KB/s
CPU,2.8,%
Memoria,45.7,%
Disco,52.9,%
Red,68934.85262107849,KB/s
CPU,12.1,%
Memoria,45.6,%
Disco,52.9,%
Red,68934.85578918457,KB/s
CPU,3.5,%
Memoria,45.8,%
Disco,52.9,%
Red,68934.85701274872,KB/s
CPU,1.2,%
Memoria,45.6,%
Disco,52.9,%
Red,68934.85799407959,KB/s
CPU,1.6,%
Memoria,45.5,%
Disco,52.9,%
Red,68934.85826969147,KB/s
CPU,6.2,%
Memoria,45.5,%
Disco,52.9,%
Red,68934.86318397522,KB/s
CPU,21.2,%
Memoria,45.9,%
Disco,52.9,%
Red,68934.86489105225,KB/s
CPU,2.3,%
Memoria,45.9,%
Disco,52.9,%
Red,68934.88722801208,KB/s
CPU,5.9,%
Memoria,46.0,%
Disco,52.9,%
Red,68934.88839817047,KB/s
CPU,5.1,%
Memoria,46.0,%
Disco,52.9,%
Red,68934.88932037354,KB/s
CPU,5.9,%
Memoria,45.9,%
Disco,52.9,%
Red,68934.90345191956,KB/s
CPU,3.5,%
Memoria,45.9,%
Disco,52.9,%
Red,68934.92108631134,KB/s
CPU,1.6,%
Memoria,45.5,%
Disco,52.9,%
Red,68934.92297077179,KB/s
CPU,0.4,%
Memoria,45.6,%
Disco,52.9,%
Red,68934.92337322235,KB/s
CPU,1.2,%
Memoria,45.6,%
Disco,52.9,%
Red,68934.92536354065,KB/s
CPU,1.6,%
Memoria,45.6,%
Disco,52.9,%
Red,68934.93570804596,KB/s
CPU,4.7,%
Memoria,45.3,%
Disco,52.9,%
Red,68934.936252594,KB/s
CPU,2.3,%
Memoria,45.2,%
Disco,52.9,%
Red,68934.936252594,KB/s
CPU,4.3,%
Memoria,45.2,%
Disco,52.9,%
Red,68934.93721294403,KB/s
CPU,6.2,%
Memoria,45.3,%
Disco,52.9,%
Red,68934.93761920929,KB/s
CPU,5.4,%
Memoria,45.3,%
Disco,52.9,%
Red,68934.93905925751,KB/s
CPU,20.9,%
Memoria,45.8,%
Disco,52.9,%
Red,68934.94220638275,KB/s
CPU,39.7,%
Memoria,46.5,%
Disco,52.9,%
Red,68935.10255813599,KB/s
CPU,52.3,%
Memoria,46.6,%
Disco,52.9,%
Red,68935.10255813599,KB/s
CPU,26.0,%
Memoria,47.0,%
Disco,52.9,%
Red,68935.10391139984,KB/s
CPU,27.3,%
Memoria,47.2,%
Disco,52.9,%
Red,68935.10857772827,KB/s
CPU,27.7,%
Memoria,47.7,%
Disco,52.9,%
Red,68935.11423015594,KB/s
CPU,2.7,%
Memoria,47.8,%
Disco,52.9,%
Red,68935.1239156723,KB/s
CPU,4.7,%
Memoria,47.5,%
Disco,52.9,%
Red,68935.12564659119,KB/s
CPU,1.6,%
Memoria,47.6,%
Disco,52.9,%
Red,68935.12597465515,KB/s
CPU,3.9,%
Memoria,47.1,%
Disco,52.9,%
Red,68935.13014221191,KB/s
CPU,9.0,%
Memoria,47.0,%
Disco,52.9,%
Red,68935.13019943237,KB/s
CPU,3.5,%
Memoria,47.0,%
Disco,52.9,%
Red,68935.1305732727,KB/s
CPU,1.6,%
Memoria,47.0,%
Disco,52.9,%
Red,68935.13111782074,KB/s
CPU,5.4,%
Memoria,47.1,%
Disco,52.9,%
Red,68935.1546421051,KB/s
CPU,7.0,%
Memoria,47.1,%
Disco,52.9,%
Red,68935.15625190735,KB/s
CPU,4.3,%
Memoria,47.2,%
Disco,52.9,%
Red,68935.1593952179,KB/s
CPU,10.0,%
Memoria,47.3,%
Disco,52.9,%
Red,68935.16755580902,KB/s
CPU,3.5,%
Memoria,47.4,%
Disco,52.9,%
Red,68935.16814136505,KB/s
CPU,0.4,%
Memoria,47.2,%
Disco,52.9,%
Red,68935.19034290314,KB/s
CPU,1.2,%
Memoria,47.3,%
Disco,52.9,%
Red,68935.19069194794,KB/s
CPU,1.2,%
Memoria,47.3,%
Disco,52.9,%
Red,68935.19492340088,KB/s
CPU,7.8,%
Memoria,47.1,%
Disco,52.9,%
Red,68935.1961402893,KB/s
CPU,2.0,%
Memoria,47.1,%
Disco,52.9,%
Red,68935.19794464111,KB/s
CPU,0.0,%
Memoria,47.1,%
Disco,52.9,%
Red,68935.20171928406,KB/s
CPU,4.7,%
Memoria,47.1,%
Disco,52.9,%
Red,68935.20319271088,KB/s
CPU,1.2,%
Memoria,47.1,%
Disco,52.9,%
Red,68935.20864105225,KB/s
CPU,2.7,%
Memoria,47.1,%
Disco,52.9,%
Red,68935.21423053741,KB/s
CPU,0.8,%
Memoria,47.1,%
Disco,52.9,%
Red,68935.21549320221,KB/s
CPU,2.7,%
Memoria,47.1,%
Disco,52.9,%
Red,68935.21707344055,KB/s
CPU,6.2,%
Memoria,47.0,%
Disco,52.9,%
Red,68935.22221565247,KB/s
CPU,1.2,%
Memoria,47.0,%
Disco,52.9,%
Red,68935.22353553772,KB/s
CPU,9.8,%
Memoria,47.3,%
Disco,53.0,%
Red,68935.46294212341,KB/s
CPU,7.4,%
Memoria,47.2,%
Disco,53.0,%
Red,68935.46480941772,KB/s
CPU,6.2,%
Memoria,47.2,%
Disco,53.0,%
Red,68935.46578121185,KB/s
CPU,4.3,%
Memoria,47.1,%
Disco,52.9,%
Red,68935.46848678589,KB/s
CPU,2.7,%
Memoria,47.1,%
Disco,52.9,%
Red,68935.47133255005,KB/s
CPU,0.8,%
Memoria,47.1,%
Disco,52.9,%
Red,68935.47241401672,KB/s
CPU,2.7,%
Memoria,47.1,%
Disco,53.0,%
Red,68935.47819137573,KB/s
CPU,3.1,%
Memoria,46.9,%
Disco,53.0,%
Red,68935.47867107391,KB/s
CPU,0.0,%
Memoria,47.0,%
Disco,53.0,%
Red,68935.47901725769,KB/s
CPU,13.5,%
Memoria,46.6,%
Disco,53.0,%
Red,68935.48861408234,KB/s
CPU,13.7,%
Memoria,46.7,%
Disco,53.0,%
Red,68935.49160957336,KB/s
CPU,0.4,%
Memoria,46.7,%
Disco,53.0,%
Red,68935.49211788177,KB/s
CPU,1.6,%
Memoria,46.6,%
Disco,53.0,%
Red,68935.49241065979,KB/s
CPU,1.6,%
Memoria,46.6,%
Disco,53.0,%
Red,68935.49405765533,KB/s
CPU,3.5,%
Memoria,46.6,%
Disco,53.0,%
Red,68935.49859905243,KB/s
CPU,1.9,%
Memoria,46.6,%
Disco,53.0,%
Red,68935.49889755249,KB/s
CPU,4.2,%
Memoria,46.6,%
Disco,53.0,%
Red,68935.49915885925,KB/s
CPU,2.0,%
Memoria,46.8,%
Disco,53.0,%
Red,68935.50029277802,KB/s
CPU,0.4,%
Memoria,46.6,%
Disco,53.0,%
Red,68935.50197315216,KB/s
CPU,4.3,%
Memoria,46.7,%
Disco,53.0,%
Red,68935.56112384796,KB/s
CPU,3.5,%
Memoria,46.7,%
Disco,53.0,%
Red,68935.56134033203,KB/s
CPU,2.0,%
Memoria,46.6,%
Disco,53.0,%
Red,68935.56134033203,KB/s
CPU,0.4,%
Memoria,46.8,%
Disco,53.0,%
Red,68935.56881904602,KB/s
CPU,1.9,%
Memoria,46.6,%
Disco,53.0,%
Red,68935.56897830963,KB/s
CPU,0.0,%
Memoria,46.6,%
Disco,53.0,%
Red,68935.56948280334,KB/s
CPU,0.8,%
Memoria,46.4,%
Disco,53.0,%
Red,68935.56977558136,KB/s
CPU,3.5,%
Memoria,46.5,%
Disco,53.0,%
Red,68935.57063961029,KB/s
CPU,4.2,%
Memoria,46.5,%
Disco,53.0,%
Red,68935.57063961029,KB/s
CPU,2.0,%
Memoria,46.5,%
Disco,53.0,%
Red,68935.57113838196,KB/s
CPU,6.2,%
Memoria,46.5,%
Disco,53.0,%
Red,68935.57161140442,KB/s
CPU,11.1,%
Memoria,46.5,%
Disco,53.0,%
Red,68935.57211780548,KB/s
CPU,19.1,%
Memoria,45.9,%
Disco,53.0,%
Red,68935.57223320007,KB/s
CPU,32.6,%
Memoria,46.6,%
Disco,53.0,%
Red,68935.61931800842,KB/s
CPU,10.0,%
Memoria,46.7,%
Disco,53.0,%
Red,68935.69565868378,KB/s
CPU,33.6,%
Memoria,47.0,%
Disco,53.0,%
Red,68935.9284954071,KB/s
CPU,13.6,%
Memoria,47.0,%
Disco,53.0,%
Red,68936.27003097534,KB/s
CPU,10.1,%
Memoria,47.0,%
Disco,53.0,%
Red,68936.30759525299,KB/s
CPU,16.3,%
Memoria,46.9,%
Disco,53.0,%
Red,68936.36360645294,KB/s
CPU,15.9,%
Memoria,47.0,%
Disco,53.0,%
Red,68936.40429973602,KB/s
CPU,17.2,%
Memoria,47.1,%
Disco,53.0,%
Red,68936.42294883728,KB/s
CPU,17.3,%
Memoria,47.2,%
Disco,53.0,%
Red,68936.47235393524,KB/s
CPU,19.5,%
Memoria,47.2,%
Disco,53.0,%
Red,68936.50689888,KB/s
CPU,7.8,%
Memoria,47.1,%
Disco,53.0,%
Red,68936.51475906372,KB/s
CPU,15.4,%
Memoria,47.1,%
Disco,53.0,%
Red,68936.56952285767,KB/s
CPU,10.4,%
Memoria,47.3,%
Disco,53.0,%
Red,68936.6153125763,KB/s
CPU,27.2,%
Memoria,47.7,%
Disco,53.0,%
Red,68936.65196800232,KB/s
CPU,23.0,%
Memoria,47.8,%
Disco,53.0,%
Red,68936.68471240997,KB/s
CPU,57.0,%
Memoria,48.8,%
Disco,53.0,%
Red,68936.72995090485,KB/s
CPU,22.2,%
Memoria,47.8,%
Disco,53.0,%
Red,68936.76664161682,KB/s
CPU,20.2,%
Memoria,47.8,%
Disco,53.0,%
Red,68936.8005285263,KB/s
CPU,44.7,%
Memoria,47.8,%
Disco,53.0,%
Red,68936.83562850952,KB/s
CPU,18.5,%
Memoria,47.8,%
Disco,53.0,%
Red,68936.86937141418,KB/s
CPU,21.5,%
Memoria,47.7,%
Disco,53.0,%
Red,68936.88636875153,KB/s
CPU,34.0,%
Memoria,47.7,%
Disco,53.0,%
Red,68936.90583229065,KB/s
CPU,40.5,%
Memoria,47.7,%
Disco,53.0,%
Red,68937.1730003357,KB/s
CPU,56.9,%
Memoria,47.7,%
Disco,53.0,%
Red,68937.22101402283,KB/s
CPU,68.6,%
Memoria,48.4,%
Disco,53.0,%
Red,68937.29469203949,KB/s
CPU,37.7,%
Memoria,49.3,%
Disco,53.0,%
Red,68937.70245075226,KB/s
CPU,32.6,%
Memoria,49.4,%
Disco,53.0,%
Red,68938.6412935257,KB/s
CPU,23.8,%
Memoria,49.3,%
Disco,53.0,%
Red,68939.11384391785,KB/s
CPU,45.4,%
Memoria,49.2,%
Disco,53.0,%
Red,68939.37061405182,KB/s
CPU,26.5,%
Memoria,49.2,%
Disco,53.0,%
Red,68939.9433631897,KB/s
CPU,43.1,%
Memoria,49.4,%
Disco,53.0,%
Red,68940.95279216766,KB/s
CPU,45.2,%
Memoria,49.5,%
Disco,53.0,%
Red,68941.71018695831,KB/s
CPU,45.0,%
Memoria,49.5,%
Disco,53.0,%
Red,68942.72045612335,KB/s
CPU,38.6,%
Memoria,49.6,%
Disco,53.0,%
Red,68943.39452266693,KB/s
CPU,36.3,%
Memoria,49.5,%
Disco,53.0,%
Red,68944.01095485687,KB/s
CPU,24.9,%
Memoria,49.6,%
Disco,53.0,%
Red,68945.02623271942,KB/s
CPU,22.3,%
Memoria,49.1,%
Disco,53.0,%
Red,68946.49541950226,KB/s
CPU,30.6,%
Memoria,48.9,%
Disco,53.0,%
Red,68946.98306083679,KB/s
CPU,35.1,%
Memoria,49.1,%
Disco,53.0,%
Red,68947.66012763977,KB/s
CPU,20.5,%
Memoria,49.1,%
Disco,53.0,%
Red,68948.05425357819,KB/s
CPU,40.7,%
Memoria,49.2,%
Disco,53.0,%
Red,68948.84157371521,KB/s
CPU,17.8,%
Memoria,49.1,%
Disco,53.0,%
Red,68949.27180290222,KB/s
CPU,26.9,%
Memoria,49.4,%
Disco,53.0,%
Red,68949.83522415161,KB/s
CPU,17.2,%
Memoria,49.0,%
Disco,53.0,%
Red,68950.33007907867,KB/s
CPU,37.1,%
Memoria,48.9,%
Disco,53.0,%
Red,68951.00871181488,KB/s
CPU,21.7,%
Memoria,49.0,%
Disco,53.0,%
Red,68951.40758419037,KB/s
CPU,16.4,%
Memoria,48.9,%
Disco,53.0,%
Red,68952.08601379395,KB/s
CPU,25.6,%
Memoria,48.9,%
Disco,53.0,%
Red,68952.89932918549,KB/s
CPU,20.8,%
Memoria,48.7,%
Disco,53.0,%
Red,68953.81956195831,KB/s
CPU,17.1,%
Memoria,48.7,%
Disco,53.0,%
Red,68954.7426815033,KB/s
CPU,32.6,%
Memoria,49.0,%
Disco,53.0,%
Red,68955.68873405457,KB/s
CPU,32.4,%
Memoria,49.0,%
Disco,53.0,%
Red,68956.69002723694,KB/s
CPU,19.1,%
Memoria,48.9,%
Disco,53.0,%
Red,68957.60541915894,KB/s
CPU,15.6,%
Memoria,48.9,%
Disco,53.0,%
Red,68958.53003787994,KB/s
CPU,17.3,%
Memoria,48.8,%
Disco,53.0,%
Red,68959.44083881378,KB/s
CPU,25.6,%
Memoria,48.8,%
Disco,53.0,%
Red,68960.37638568878,KB/s
CPU,22.6,%
Memoria,48.9,%
Disco,53.0,%
Red,68961.32819843292,KB/s
CPU,13.7,%
Memoria,48.8,%
Disco,53.0,%
Red,68962.33611774445,KB/s
CPU,16.8,%
Memoria,48.8,%
Disco,53.0,%
Red,68962.88270378113,KB/s
CPU,26.8,%
Memoria,48.4,%
Disco,53.0,%
Red,68963.60719871521,KB/s
CPU,18.8,%
Memoria,48.4,%
Disco,53.0,%
Red,68964.7302570343,KB/s
CPU,14.8,%
Memoria,48.3,%
Disco,53.0,%
Red,68965.57214164734,KB/s
CPU,31.5,%
Memoria,48.5,%
Disco,53.0,%
Red,68966.36310195923,KB/s
CPU,26.0,%
Memoria,48.3,%
Disco,53.0,%
Red,68966.97012233734,KB/s
CPU,13.8,%
Memoria,48.3,%
Disco,53.0,%
Red,68967.56212711334,KB/s
CPU,19.4,%
Memoria,48.4,%
Disco,53.0,%
Red,68968.14734172821,KB/s
CPU,21.8,%
Memoria,48.4,%
Disco,53.0,%
Red,68969.09603977203,KB/s
CPU,12.1,%
Memoria,48.4,%
Disco,53.0,%
Red,68969.7632112503,KB/s
CPU,12.1,%
Memoria,48.4,%
Disco,53.0,%
Red,68970.74994564056,KB/s
CPU,20.7,%
Memoria,48.4,%
Disco,53.0,%
Red,68971.7687702179,KB/s
CPU,26.3,%
Memoria,48.4,%
Disco,53.0,%
Red,68973.28387069702,KB/s
CPU,12.5,%
Memoria,48.4,%
Disco,53.0,%
Red,68973.56561851501,KB/s
CPU,13.3,%
Memoria,48.5,%
Disco,53.0,%
Red,68974.15801906586,KB/s
CPU,27.3,%
Memoria,48.4,%
Disco,53.0,%
Red,68975.48231601715,KB/s
CPU,18.2,%
Memoria,48.4,%
Disco,53.0,%
Red,68976.40525054932,KB/s
CPU,8.6,%
Memoria,48.3,%
Disco,53.0,%
Red,68977.10879611969,KB/s
CPU,35.1,%
Memoria,49.0,%
Disco,53.0,%
Red,68978.32101631165,KB/s
CPU,31.6,%
Memoria,48.9,%
Disco,53.0,%
Red,68979.51824855804,KB/s
CPU,16.7,%
Memoria,48.9,%
Disco,53.0,%
Red,68980.40423965454,KB/s
CPU,28.1,%
Memoria,48.8,%
Disco,53.0,%
Red,68980.82810497284,KB/s
CPU,53.4,%
Memoria,48.9,%
Disco,53.0,%
Red,68982.32875823975,KB/s
CPU,39.2,%
Memoria,48.9,%
Disco,53.0,%
Red,68983.119099617,KB/s
CPU,58.2,%
Memoria,48.7,%
Disco,53.0,%
Red,68983.75114917755,KB/s
CPU,19.0,%
Memoria,48.7,%
Disco,53.0,%
Red,68984.26805782318,KB/s
CPU,27.1,%
Memoria,48.8,%
Disco,53.0,%
Red,68984.77875232697,KB/s
CPU,35.0,%
Memoria,48.6,%
Disco,53.0,%
Red,68985.69038391113,KB/s
CPU,19.5,%
Memoria,48.6,%
Disco,53.0,%
Red,68986.5001487732,KB/s
CPU,26.9,%
Memoria,49.1,%
Disco,53.0,%
Red,68987.20027160645,KB/s
CPU,26.0,%
Memoria,48.6,%
Disco,53.0,%
Red,68987.61159610748,KB/s
CPU,33.8,%
Memoria,48.7,%
Disco,53.0,%
Red,68988.26818466187,KB/s
CPU,22.1,%
Memoria,48.5,%
Disco,53.0,%
Red,68988.91141700745,KB/s
CPU,13.3,%
Memoria,48.5,%
Disco,53.0,%
Red,68989.56533050537,KB/s
CPU,22.0,%
Memoria,48.4,%
Disco,53.0,%
Red,68990.27119731903,KB/s
CPU,28.8,%
Memoria,48.6,%
Disco,53.0,%
Red,68990.98721885681,KB/s
CPU,26.3,%
Memoria,48.9,%
Disco,53.0,%
Red,68991.85812568665,KB/s
CPU,33.3,%
Memoria,48.6,%
Disco,53.0,%
Red,68992.52062892914,KB/s
CPU,42.1,%
Memoria,48.8,%
Disco,53.0,%
Red,68993.43511104584,KB/s
CPU,31.9,%
Memoria,48.7,%
Disco,53.0,%
Red,68994.1173324585,KB/s
CPU,24.5,%
Memoria,48.7,%
Disco,53.0,%
Red,68994.76484966278,KB/s
CPU,22.5,%
Memoria,48.7,%
Disco,53.0,%
Red,68995.3696899414,KB/s
CPU,18.3,%
Memoria,48.7,%
Disco,53.0,%
Red,68995.90390300751,KB/s
CPU,31.7,%
Memoria,48.8,%
Disco,53.0,%
Red,68996.9013414383,KB/s
CPU,28.3,%
Memoria,48.7,%
Disco,53.0,%
Red,68997.7716331482,KB/s
CPU,27.7,%
Memoria,48.7,%
Disco,53.0,%
Red,68999.78971481323,KB/s
CPU,19.1,%
Memoria,48.7,%
Disco,53.0,%
Red,69001.16554832458,KB/s
CPU,27.6,%
Memoria,48.7,%
Disco,53.0,%
Red,69001.72035121918,KB/s
CPU,31.9,%
Memoria,48.7,%
Disco,53.0,%
Red,69002.04539966583,KB/s
CPU,24.0,%
Memoria,48.7,%
Disco,53.0,%
Red,69002.63746166229,KB/s
CPU,26.5,%
Memoria,48.6,%
Disco,53.0,%
Red,69003.21757507324,KB/s
CPU,16.7,%
Memoria,48.6,%
Disco,53.0,%
Red,69003.59078025818,KB/s
CPU,43.6,%
Memoria,48.7,%
Disco,53.0,%
Red,69003.9887342453,KB/s
CPU,57.7,%
Memoria,49.9,%
Disco,53.0,%
Red,69004.92372894287,KB/s
CPU,43.7,%
Memoria,49.8,%
Disco,53.0,%
Red,69005.4581451416,KB/s
CPU,30.8,%
Memoria,48.8,%
Disco,53.0,%
Red,69006.92313194275,KB/s
CPU,22.1,%
Memoria,48.6,%
Disco,53.0,%
Red,69008.27383899689,KB/s
CPU,23.3,%
Memoria,48.6,%
Disco,53.0,%
Red,69008.77446937561,KB/s
CPU,24.5,%
Memoria,48.5,%
Disco,53.0,%
Red,69009.6966457367,KB/s
CPU,30.7,%
Memoria,48.5,%
Disco,53.0,%
Red,69010.85322380066,KB/s
CPU,15.6,%
Memoria,48.2,%
Disco,53.0,%
Red,69012.02193546295,KB/s
CPU,21.4,%
Memoria,48.2,%
Disco,53.0,%
Red,69013.21085834503,KB/s
CPU,56.6,%
Memoria,48.7,%
Disco,53.0,%
Red,69014.09703159332,KB/s
CPU,39.3,%
Memoria,48.9,%
Disco,53.0,%
Red,69014.86253738403,KB/s
CPU,42.0,%
Memoria,48.6,%
Disco,53.0,%
Red,69016.02889060974,KB/s
CPU,45.9,%
Memoria,48.7,%
Disco,53.0,%
Red,69016.96212100983,KB/s
CPU,37.9,%
Memoria,48.8,%
Disco,53.0,%
Red,69018.02753257751,KB/s
CPU,50.2,%
Memoria,48.9,%
Disco,53.0,%
Red,69018.910820961,KB/s
CPU,67.4,%
Memoria,49.3,%
Disco,53.0,%
Red,69020.81896305084,KB/s
CPU,79.3,%
Memoria,49.9,%
Disco,53.0,%
Red,69022.86218833923,KB/s
CPU,48.4,%
Memoria,50.0,%
Disco,53.0,%
Red,69024.76926136017,KB/s
CPU,46.3,%
Memoria,50.0,%
Disco,53.0,%
Red,69026.47415447235,KB/s
CPU,47.9,%
Memoria,50.0,%
Disco,53.0,%
Red,69027.80422210693,KB/s
CPU,80.5,%
Memoria,55.1,%
Disco,53.0,%
Red,69037.29703426361,KB/s
CPU,40.1,%
Memoria,55.3,%
Disco,53.0,%
Red,69038.21425819397,KB/s
